{"model":{"version":3,"nodes":[{"name":"RootNode","position":[0,0,0],"rotation":[0,0,0],"scale":[0.01,0.01,0.01],"scaleCompensation":false},{"name":"Plane001","position":[0,0,0],"rotation":[-90,90,0],"scale":[1,1,1],"scaleCompensation":false}],"parents":[-1,0],"skins":[],"morphs":[],"vertices":[{"position":{"type":"float32","components":3,"data":[7.80492,-3.3151,-1e-05,-7.80492,-3.3151,-1e-05,-7.80492,3.3151,-1e-05,7.80492,3.3151,-1e-05,-7.80492,-3.3151,0,7.80492,-3.3151,0,-7.80492,3.3151,0,7.80492,3.3151,0]},"normal":{"type":"float32","components":3,"data":[0,0,-1,0,0,-1,0,0,-1,0,0,-1,0,0,1,0,0,1,0,0,1,0,0,1]},"texCoord0":{"type":"float32","components":2,"data":[-1.19209e-07,0,1,-1.19209e-07,1,0.5,1.19209e-07,0.5,1.78814e-07,0.5,1,0.5,-1.78814e-07,1,1,1]}}],"meshes":[{"aabb":{"min":[-7.80492,-3.3151,-1e-05],"max":[7.80492,3.3151,0]},"vertices":0,"indices":[0,1,2,0,2,3,4,5,6,7,6,5],"type":"triangles","base":0,"count":12}],"meshInstances":[{"node":1,"mesh":0}]}}